sku,product_name,category,current_stock,reorder_threshold,lead_time_days,supplier,suggested_reorder_qty,draft_v1,self_critique,stakeholder_update_final
PKG-6003,Aluminum Cans 355ml (case),Packaging,410,800,12,MetalForm Packaging,790,"Aluminum Cans 355ml (SKU PKG-6003) are currently below our reorder threshold, with only 410 cases on hand against a minimum stock level of 800, putting us at risk of a packaging shortage if demand continues at its current pace. Given the 12-day lead time from our supplier, MetalForm Packaging, a delay in acting now could disrupt production continuity. A purchase order for 790 cases is being initiated with MetalForm Packaging to bring inventory back to a healthy level and ensure uninterrupted operations.","- The tone could be more urgent given the significant stock gap (410 vs. 800) and 12-day lead time; phrases like ""could disrupt"" understate the risk.
- The next action is slightly vague — ""being initiated"" does not confirm a clear, immediate directive (e.g., ""A purchase order must be placed today for 790 cases"").","Aluminum Cans 355ml (SKU PKG-6003) are critically understocked at 410 cases against a minimum threshold of 800, and with MetalForm Packaging's 12-day lead time, any further delay will disrupt production. A purchase order for 790 cases must be placed with MetalForm Packaging today to prevent a packaging shortage and restore inventory to a safe operating level."
PKG-6002,Glass Bottles 750ml (case),Packaging,860,1000,15,Vitro Glassworks,640,"Our 750ml Glass Bottles (SKU PKG-6002) are currently below the reorder threshold, with 860 cases on hand against a trigger point of 1,000, meaning we are at risk of a stock shortfall if demand continues at its current pace. Given the 15-day lead time from our supplier, Vitro Glassworks, prompt action is needed to ensure uninterrupted availability for production or fulfillment. A purchase order for 640 cases is being initiated with Vitro Glassworks to bring inventory back to a healthy level and provide adequate buffer through the replenishment window.","- The tone could be more urgent given the 15-day lead time and a meaningful stock gap (140 cases below threshold); phrases like ""at risk"" and ""prompt action is needed"" are mild for this situation.","Our 750ml Glass Bottles (SKU PKG-6002) are critically low, with inventory sitting 140 cases below the reorder threshold and a 15-day supplier lead time leaving little room for error if demand holds steady. Any further delays in placing a replenishment order risk a direct impact on production and fulfillment continuity. A purchase order for 640 cases is being expedited with Vitro Glassworks immediately to close the gap and restore adequate buffer before the situation escalates."
NA-5002,Sparkling Water Variety 12pk,Non-Alcoholic,30,150,4,Pure Source Beverages,195,"Sparkling Water Variety 12pk (SKU NA-5002) is currently a high-priority inventory concern, as our on-hand stock of 30 units has fallen well below the established reorder threshold of 150 units, putting us at risk of a stockout in the near term. To address this, our team is initiating a purchase order with Pure Source Beverages for 195 units, which reflects the suggested reorder quantity needed to restore healthy inventory levels. Given the supplier's 4-day lead time, we are moving quickly to place this order and will monitor closely to ensure timely receipt and minimal disruption to product availability.","- The tone is moderately urgent, but given a 120-unit stock gap and only a 4-day lead time, the language could be sharper and more pressing to fully match the urgency of the situation.","Sparkling Water Variety 12pk (SKU NA-5002) is in a critical stockout situation, with only 30 units on hand against a reorder threshold of 150—a 120-unit deficit that demands immediate action. A purchase order for 195 units is being placed with Pure Source Beverages right now to close this gap as fast as possible. With just a 4-day lead time, every hour counts, and we are closely tracking this order to prevent any disruption to product availability."
RTD-3002,Hard Lemonade 6pk,RTD,60,150,5,Summit Beverage Partners,165,"Hard Lemonade 6-pack (SKU RTD-3002) is currently below our reorder threshold, with only 60 units on hand against a minimum stock level of 150, creating a risk of stockouts if demand continues at its current pace. To address this, a purchase order for 165 units is being initiated with our supplier, Summit Beverage Partners, who has a standard lead time of 5 days. We expect inventory to be replenished and back within acceptable levels within the week, minimizing any potential disruption to availability.",No issues found.,"Hard Lemonade 6-pack (SKU RTD-3002) is currently below our reorder threshold, with only 60 units on hand against a minimum stock level of 150, creating a risk of stockouts if demand continues at its current pace. To address this, a purchase order for 165 units is being initiated with our supplier, Summit Beverage Partners, who has a standard lead time of 5 days. We expect inventory to be replenished and back within acceptable levels within the week, minimizing any potential disruption to availability."
BW-1002,Craft Lager 24pk Cans,Beer,180,250,7,Northwind Brewing Co.,195,"Craft Lager 24pk Cans (SKU BW-1002) is a key beverage product that has fallen below our reorder threshold, with current stock at 180 units against a trigger point of 250 units. Given the 7-day lead time with our supplier, Northwind Brewing Co., immediate action is needed to avoid a potential stockout that could impact sales and customer availability. A purchase order for 195 units is being initiated with Northwind Brewing Co. to replenish inventory and restore healthy stock levels ahead of projected demand.",No issues found.,"Craft Lager 24pk Cans (SKU BW-1002) is a key beverage product that has fallen below our reorder threshold, with current stock at 180 units against a trigger point of 250 units. Given the 7-day lead time with our supplier, Northwind Brewing Co., immediate action is needed to avoid a potential stockout that could impact sales and customer availability. A purchase order for 195 units is being initiated with Northwind Brewing Co. to replenish inventory and restore healthy stock levels ahead of projected demand."
WN-2002,Pinot Grigio 750ml,Wine,140,200,21,Valley Ridge Vineyards,160,"Pinot Grigio 750ml (SKU WN-2002) is currently below our reorder threshold, with 140 units on hand against a minimum level of 200, creating a risk of stockout if demand continues at its current pace. Given the 21-day lead time from our supplier, Valley Ridge Vineyards, prompt action is needed to avoid a gap in availability. A purchase order for 160 units is being initiated with Valley Ridge Vineyards to replenish stock and restore healthy inventory levels ahead of any potential shortfall.","- The tone (""prompt action is needed"") suggests moderate urgency, but a 60-unit gap with a 21-day lead time warrants a noticeably more urgent tone to match the actual risk level.","Pinot Grigio 750ml (SKU WN-2002) is critically low at 140 units — 60 units below the 200-unit minimum — and with a 21-day supplier lead time from Valley Ridge Vineyards, a stockout is a serious and immediate risk if demand holds steady. A purchase order for 160 units is being expedited with Valley Ridge Vineyards today to prevent a gap in availability and restore inventory to a healthy level before the situation becomes unrecoverable."
BW-1010,Hazy IPA 6pk Bottles,Beer,95,150,10,Coastal Hop Supply,130,"Hazy IPA 6pk Bottles (SKU BW-1010) are currently below our reorder threshold, with only 95 units on hand against a trigger point of 150, putting us at risk of a stockout if demand continues at its current pace. To prevent any disruption to availability, we are initiating a purchase order with Coastal Hop Supply for 130 units, which will bring inventory back to a healthy level. Given the supplier's 10-day lead time, the order is being prioritized promptly to minimize any potential gap in supply.","- Tone could be more urgent: a 55-unit stock gap and 10-day lead time warrant stronger language than ""being prioritized promptly,"" which feels understated.","Hazy IPA 6pk Bottles (SKU BW-1010) are critically low at 95 units — 55 units below our 150-unit reorder threshold — and with demand holding steady, a stockout is a real and immediate risk. We are urgently placing a purchase order with Coastal Hop Supply for 130 units today to restore inventory to a healthy level. Given the supplier's 10-day lead time, this order must be confirmed without delay to avoid a gap in availability."
SP-4002,Aged Rum 750ml,Spirits,45,100,14,Highland Distillers,105,"Our Aged Rum 750ml (SKU SP-4002) is currently below its reorder threshold, with only 45 units on hand against a minimum stock level of 100 units, creating a risk of stockouts if demand continues at its current pace. Given the 14-day lead time from our supplier, Highland Distillers, acting promptly is essential to avoid any gaps in product availability. A purchase order for 105 units is being initiated with Highland Distillers to restore inventory to a healthy level and provide adequate buffer stock going forward.",No issues found.,"Our Aged Rum 750ml (SKU SP-4002) is currently below its reorder threshold, with only 45 units on hand against a minimum stock level of 100 units, creating a risk of stockouts if demand continues at its current pace. Given the 14-day lead time from our supplier, Highland Distillers, acting promptly is essential to avoid any gaps in product availability. A purchase order for 105 units is being initiated with Highland Distillers to restore inventory to a healthy level and provide adequate buffer stock going forward."
WN-2015,Sparkling Rose 750ml,Wine,75,120,28,Coastal Cellars Import,105,"Sparkling Rosé 750ml (SKU WN-2015) is currently below its reorder threshold, with only 75 units on hand against a minimum stock level of 120, creating a risk of stockouts given the supplier's 28-day lead time. Without prompt action, we may be unable to fulfill demand for several weeks while awaiting replenishment. A purchase order for 105 units is being initiated with Coastal Cellars Import to restore inventory to a healthy level and prevent any disruption to availability.","- Tone could be more urgent given the 45-unit stock gap and 28-day lead time; the language (""being initiated,"" ""risk of"") is too passive and measured for the severity of the situation.","Sparkling Rosé 750ml (SKU WN-2015) is critically understocked at 75 units—45 units below the 120-unit minimum—and with a 28-day supplier lead time, a stockout is imminent without immediate action. We are placing an emergency purchase order today with Coastal Cellars Import for 105 units to close the gap and restore inventory before demand outpaces supply."
ING-7001,Hop Pellets - Cascade (kg),Ingredients,55,80,20,Pacific Hop Growers,65,"Our inventory of Cascade Hop Pellets (SKU ING-7001) has dropped to 55 kg, which is below our reorder threshold of 80 kg, placing us at risk of a supply shortfall if current usage rates continue. Given our supplier Pacific Hop Growers requires a 20-day lead time, prompt action is essential to avoid any disruption to production schedules. A purchase order for 65 kg is being initiated with Pacific Hop Growers to replenish stock and restore a healthy inventory buffer.",No issues found.,"Our inventory of Cascade Hop Pellets (SKU ING-7001) has dropped to 55 kg, which is below our reorder threshold of 80 kg, placing us at risk of a supply shortfall if current usage rates continue. Given our supplier Pacific Hop Growers requires a 20-day lead time, prompt action is essential to avoid any disruption to production schedules. A purchase order for 65 kg is being initiated with Pacific Hop Growers to replenish stock and restore a healthy inventory buffer."
ING-7003,Yeast Strain - Ale (units),Ingredients,18,40,10,BioFerm Cultures,42,"Our Ale Yeast Strain (SKU ING-7003) is currently holding at just 18 units, which falls well below our reorder threshold of 40 units and puts upcoming production runs at risk of delay. Given BioFerm Cultures' 10-day lead time, it is important we act promptly to avoid any disruption to brewing schedules. A purchase order for 42 units is being initiated with BioFerm Cultures to replenish stock and restore adequate inventory levels.",No issues found.,"Our Ale Yeast Strain (SKU ING-7003) is currently holding at just 18 units, which falls well below our reorder threshold of 40 units and puts upcoming production runs at risk of delay. Given BioFerm Cultures' 10-day lead time, it is important we act promptly to avoid any disruption to brewing schedules. A purchase order for 42 units is being initiated with BioFerm Cultures to replenish stock and restore adequate inventory levels."
